path,statusCode
http://public-library.safetyculture.io/products/check-list-de-inspecao-sistema-de-seguranca-contra-incendio,200
http://public-library.safetyculture.io/products/commercial-property-management-inspection-checklist,200
http://public-library.safetyculture.io/products/evaluacion-operador-de-cargador-frontal,200
http://public-library.safetyculture.io/products/froot-loops-mini-donuts-quality-check,200
http://public-library.safetyculture.io/products/audit-po-rabote-s-personalom,200
http://public-library.safetyculture.io/products/air-compressor-checklist-monthly,200
http://public-library.safetyculture.io/products/site-establishment-checklist,200
http://public-library.safetyculture.io/products/5s-inspection-lab,200
http://public-library.safetyculture.io/products/an-toan-ve-sinh-kho,200
http://public-library.safetyculture.io/products/sopralluogo-rspp,200
http://public-library.safetyculture.io/products/air-handling-unit-inspection-checklist,200
http://public-library.safetyculture.io/products/oer-2018-dominos,200
http://public-library.safetyculture.io/products/forklift-truck-operator-safety-evaluation-11Y91GF,200
http://public-library.safetyculture.io/products/check-list-de-recebimento-de-obra,200
http://public-library.safetyculture.io/products/astm-e-1527-13-site-reconnaissance,200
http://public-library.safetyculture.io/products/ntc-iso-28000-2007,200
http://public-library.safetyculture.io/products/chek-list-zakrytiya-vsehorosho,200
http://public-library.safetyculture.io/products/first-aid-audit,200
http://public-library.safetyculture.io/products/fire-extinguisher-inspection-report,200
http://public-library.safetyculture.io/products/hygiene-sanitasi-rumah-makan-dan-restoran,200
http://public-library.safetyculture.io/products/ims-process-audit-checklist,200
http://public-library.safetyculture.io/products/north-02-revisit-audit-v14,200
http://public-library.safetyculture.io/products/snar-mrccc,200
http://public-library.safetyculture.io/products/check-list-5s-industrial,200
http://public-library.safetyculture.io/products/chek-listoficiant,200
http://public-library.safetyculture.io/products/non-work-related-incident-reporting,200
http://public-library.safetyculture.io/products/mlc-2006-convention-compliance-inspection,200
http://public-library.safetyculture.io/products/revision-almacen-y-oficinas,200
http://public-library.safetyculture.io/products/norma-basc-version-4-2012,200
http://public-library.safetyculture.io/products/daily-kennels-cleaning-sheets,200
http://public-library.safetyculture.io/products/monthly-substation-inspection-checklist,200
http://public-library.safetyculture.io/products/crane-and-lift-plan,200
http://public-library.safetyculture.io/products/iso-140012015-audit-checklist-jHplM,200
http://public-library.safetyculture.io/products/audio-visual-testing-and-commissioning-report,200
http://public-library.safetyculture.io/products/check-list-para-elaboracao-de-ppraltcat,200
http://public-library.safetyculture.io/products/chek-list-administratora,200
http://public-library.safetyculture.io/products/qssi,200
http://public-library.safetyculture.io/products/eye-wash-station-inspection,200
http://public-library.safetyculture.io/products/lista-de-verificacion-para-embarcaciones-menores,200
http://public-library.safetyculture.io/products/pest-control-inspection-report,200
http://public-library.safetyculture.io/products/iso-270012013-internal-audit-report,200
http://public-library.safetyculture.io/products/roller-vibratory-compactor-inspection,200
http://public-library.safetyculture.io/products/chek-list-otkrytiya-kuhni-geografiya,200
http://public-library.safetyculture.io/products/eaglebuildingco-ohsa-compliance-visit,404
http://public-library.safetyculture.io/products/chek-list-magazina-ONOOj,200
http://public-library.safetyculture.io/products/daily-forklift-inspection-form,200
http://public-library.safetyculture.io/products/behavior-based-safety-observation-checklistjC8KF,200
http://public-library.safetyculture.io/products/evaluacion-operador-de-montacargas-11,200
http://public-library.safetyculture.io/products/gym-maintenance-schedule,200
http://public-library.safetyculture.io/products/lpa,200
http://public-library.safetyculture.io/products/ohsas-18001-system-audit-checklist,200
http://public-library.safetyculture.io/products/lista-de-verificacao-nr-12,200
http://public-library.safetyculture.io/products/housekeeping-room-inspection-formCdQkd,200
http://public-library.safetyculture.io/products/kln-oficianta,200
http://public-library.safetyculture.io/products/check-list-para-el-control-de-merma-de-perecederos,200
http://public-library.safetyculture.io/products/chek-list-otkrytiya-kuhni,200
http://public-library.safetyculture.io/products/brc-food-version-7,200
http://public-library.safetyculture.io/products/steel-erection-quality-control-inspection,200
http://public-library.safetyculture.io/products/daily-locker-room-checklist,200
http://public-library.safetyculture.io/products/checklist-tienda-2017,200
http://public-library.safetyculture.io/products/pre-drywall-courtesy-inspection-report,200
http://public-library.safetyculture.io/products/basc,200
http://public-library.safetyculture.io/products/check-list-de-verificacao-nr20,200
http://public-library.safetyculture.io/products/job-card,200
http://public-library.safetyculture.io/products/tiling-inspection,200
http://public-library.safetyculture.io/products/subway-restaurant-morning-walk-through,200
http://public-library.safetyculture.io/products/temporary-works,200
http://public-library.safetyculture.io/products/rbt-supervision-form,200
http://public-library.safetyculture.io/products/toilet-cleaning-inspection,200
http://public-library.safetyculture.io/products/senarai-semak-pemeriksaan-keselamatan-dan-kesihatan-pekerjaan5PZ4D,200
http://public-library.safetyculture.io/products/hipaa-privacy-risk-analysis,200
http://public-library.safetyculture.io/products/self-assesment-snar-standard-ppi-siloam,200
http://public-library.safetyculture.io/products/hse-internal-audit-checklist-1,200
http://public-library.safetyculture.io/products/r2-core-audit-2016-operations,200
http://public-library.safetyculture.io/products/tpco-check-list-inspeccion-y-prueba-semanal-generadores-electricos,200
http://public-library.safetyculture.io/products/self-assesment-snar-mfk-siloam,200
http://public-library.safetyculture.io/products/site-safety-inspection-checklistXSY47,200
http://public-library.safetyculture.io/products/checklist-seguridad-en-maquinaria,200
http://public-library.safetyculture.io/products/scaffold-risk-assessment-and-method-statement,200
http://public-library.safetyculture.io/products/canteen-audit,200
http://public-library.safetyculture.io/products/2017-brand-standard-visit-bsv,404
http://public-library.safetyculture.io/products/check-list-revision-hoteles-america,200
http://public-library.safetyculture.io/products/iso-90012008-system-audit-checklisttigNB,200
http://public-library.safetyculture.io/products/iso-90012015-checklist,200
http://public-library.safetyculture.io/products/gym-inspection,200
http://public-library.safetyculture.io/products/bca-checklist-class-1-and-10zAog6,200
http://public-library.safetyculture.io/products/iso-140012015-checklist,200
http://public-library.safetyculture.io/products/complete-easa-part-m-audit-rev-58jMpM,200
http://public-library.safetyculture.io/products/drilling-rig-inspection,200
http://public-library.safetyculture.io/products/mcdonalds-pre-shift-checklist,200
http://public-library.safetyculture.io/products/job-safety-analysis,200
http://public-library.safetyculture.io/products/daftar-periksa-inspeksi-hse-work-in-progress,200
http://public-library.safetyculture.io/products/early-head-start-home-visit-observation,200
http://public-library.safetyculture.io/products/ecers-r-classroom-materials-checklist,200
http://public-library.safetyculture.io/products/auditoria-c-tpat,200
