path,13/8/18
/products/qssi,59
/products/hipaa-privacy-risk-analysis,77
/products/froot-loops-mini-donuts-quality-check,0
/products/chek-list-administratora,43
/products/snar-mrccc,34
/products/chek-listoficiant,30
/products/job-safety-analysis,30
/products/check-list-para-elaboracao-de-ppraltcat,42
/products/check-list-de-inspecao-sistema-de-seguranca-contra-incendio,23
/products/audit-po-rabote-s-personalom,26
/products/eye-wash-station-inspection,36
/products/daftar-periksa-inspeksi-hse-work-in-progress,24
/products/air-compressor-checklist-monthly,19
/products/hygiene-sanitasi-rumah-makan-dan-restoran,20
/products/senarai-semak-pemeriksaan-keselamatan-dan-kesihatan-pekerjaan5PZ4D,27
/products/check-list-de-recebimento-de-obra,20
/products/basc,30
/products/chek-list-magazina-ONOOj,18
/products/auditoria-c-tpat,26
/products/monthly-substation-inspection-checklist,18
/products/2017-brand-standard-visit-bsv,0
/products/lista-de-verificacao-nr-12,22
/products/ecers-r-classroom-materials-checklist,29
/products/first-aid-audit,2
/products/early-head-start-home-visit-observation,25
/products/daily-forklift-inspection-form,28
/products/check-list-para-el-control-de-merma-de-perecederos,16
/products/checklist-tienda-2017,17
/products/r2-core-audit-2016-operations,23
/products/self-assesment-snar-standard-ppi-siloam,4
/products/forklift-truck-operator-safety-evaluation-11Y91GF,18
/products/mlc-2006-convention-compliance-inspection,20
/products/iso-140012015-checklist,30
/products/self-assesment-snar-mfk-siloam,19
/products/chek-list-zakrytiya-vsehorosho,22
/products/chek-list-otkrytiya-kuhni,20
/products/crane-and-lift-plan,8
/products/mcdonalds-pre-shift-checklist,24
/products/check-list-5s-industrial,19
/products/site-establishment-checklist,21
/products/lpa,12
/products/evaluacion-operador-de-montacargas-11,14
/products/rbt-supervision-form,24
/products/pest-control-inspection-report,20
/products/chek-list-otkrytiya-kuhni-geografiya,16
/products/canteen-audit,20
/products/commercial-property-management-inspection-checklist,9
/products/norma-basc-version-4-2012,17
/products/housekeeping-room-inspection-formCdQkd,13
/products/iso-90012015-checklist,16
/products/daily-locker-room-checklist,10
/products/audio-visual-testing-and-commissioning-report,12
/products/job-card,1
/products/toilet-cleaning-inspection,17
/products/checklist-seguridad-en-maquinaria,13
/products/behavior-based-safety-observation-checklistjC8KF,14
/products/bca-checklist-class-1-and-10zAog6,17
/products/scaffold-risk-assessment-and-method-statement,20
/products/evaluacion-operador-de-cargador-frontal,12
/products/gym-inspection,15
/products/tpco-check-list-inspeccion-y-prueba-semanal-generadores-electricos,18
/products/site-safety-inspection-checklistXSY47,18
/products/ims-process-audit-checklist,7
/products/check-list-de-verificacao-nr20,16
/products/gym-maintenance-schedule,12
/products/tiling-inspection,15
/products/complete-easa-part-m-audit-rev-58jMpM,13
/products/an-toan-ve-sinh-kho,13
/products/iso-140012015-audit-checklist-jHplM,8
/products/astm-e-1527-13-site-reconnaissance,8
/products/kln-oficianta,6
/products/daily-kennels-cleaning-sheets,18
/products/hse-internal-audit-checklist-1,12
/products/roller-vibratory-compactor-inspection,10
/products/check-list-revision-hoteles-america,11
/products/temporary-works,14
/products/drilling-rig-inspection,17
/products/north-02-revisit-audit-v14,31
/products/ntc-iso-28000-2007,10
/products/lista-de-verificacion-para-embarcaciones-menores,20
/products/iso-270012013-internal-audit-report,17
/products/eaglebuildingco-ohsa-compliance-visit,11
/products/5s-inspection-lab,12
/products/fire-extinguisher-inspection-report,13
/products/ohsas-18001-system-audit-checklist,12
/products/steel-erection-quality-control-inspection,7
/products/oer-2018-dominos,3
/products/non-work-related-incident-reporting,7
/products/iso-90012008-system-audit-checklisttigNB,12
/products/sopralluogo-rspp,5
/products/brc-food-version-7,14
/products/subway-restaurant-morning-walk-through,12
/products/revision-almacen-y-oficinas,16
/products/pre-drywall-courtesy-inspection-report,5
/products/air-handling-unit-inspection-checklist,19